City_ID,City,Lat,Lng,Max Temp,Humidity,Cloudiness,Wind Speed,Country,Date
0,miandrivazo,-19.5167,45.4667,23.11,83,92,0.61,MG,1683325255
1,qarqaraly,49.4058,75.4742,7.86,45,6,1.48,KZ,1683325256
2,faya-largeau,17.9257,19.1043,32.09,11,0,3.74,TD,1683325256
3,thompson,55.7435,-97.8558,16.09,33,20,3.09,CA,1683325256
4,weno,7.4515,151.8468,28.97,79,100,1.54,FM,1683325256
5,college,64.8569,-147.8028,11.18,35,75,1.54,US,1683325257
6,touros,-5.1989,-35.4608,26.46,81,6,4.99,BR,1683325257
7,puerto ayora,-0.7393,-90.3518,28.98,96,66,3.13,EC,1683325072
8,kapuskasing,49.4169,-82.4331,16.05,39,75,5.14,CA,1683325257
9,adamstown,-25.066,-130.1015,23.13,74,100,8.23,PN,1683325258
10,richards bay,-28.783,32.0377,19.52,89,2,2.0,ZA,1683325258
11,edinburgh of the seven seas,-37.0676,-12.3116,15.58,73,100,10.33,SH,1683325258
12,solnechnyy,50.7214,136.6319,6.34,52,100,1.13,RU,1683325258
13,punta arenas,-53.15,-70.9167,7.06,87,100,4.63,CL,1683325151
14,soio,-6.1349,12.3689,25.28,83,99,1.43,AO,1683325259
15,cestos city,5.46,-9.5828,27.37,82,99,3.98,LR,1683325259
16,puerto natales,-51.7236,-72.4875,9.99,98,99,1.4,CL,1683325259
17,port-aux-francais,-49.35,70.2167,6.56,78,91,12.64,TF,1683325260
18,bethel,41.3712,-73.414,15.57,70,100,3.09,US,1683325124
19,stanley,54.868,-1.6985,10.85,94,99,1.03,GB,1683325260
20,cariamanga,-4.3333,-79.55,20.43,76,63,1.4,EC,1683325260
21,filey,54.21,-0.2892,12.24,91,100,3.24,GB,1683325260
22,selfoss,63.9331,-20.9971,6.14,87,100,2.72,IS,1683325261
23,siaton,9.0648,123.0339,26.8,83,92,3.62,PH,1683325261
24,tual,-5.6667,132.75,27.71,82,100,5.94,ID,1683325261
25,burela de cabo,43.65,-7.4,13.98,77,99,2.28,ES,1683325261
26,cabedelo,-6.9811,-34.8339,27.37,84,2,5.31,BR,1683325262
27,la passe,45.5549,-0.8967,15.13,83,100,3.1,FR,1683325262
28,avarua,-21.2078,-159.775,28.03,83,100,7.2,CK,1683325262
29,i-n-salah,27.1935,2.4607,32.24,12,12,6.39,DZ,1683324981
30,kenai,60.5544,-151.2583,9.05,46,0,4.63,US,1683325111
31,invercargill,-46.4,168.35,13.49,84,40,2.58,NZ,1683325263
32,kolonia town,6.964,158.206,30.0,79,100,4.12,FM,1683325263
33,blackmans bay,-43.0167,147.3167,5.85,84,15,2.54,AU,1683325263
34,tambopata,-12.7333,-69.1833,23.94,94,75,1.54,PE,1683325263
35,chegdomyn,51.1167,133.0167,5.15,64,96,0.37,RU,1683325264
36,badger,64.8,-147.5333,11.14,34,75,1.54,US,1683325264
37,xinyuan,37.3,99.0,-0.96,94,98,1.23,CN,1683325264
38,bhadrachalam,17.6667,80.8833,27.02,79,100,1.53,IN,1683325264
39,ballina,-28.8667,153.5667,15.43,76,2,1.89,AU,1683325265
40,tiksi,71.6872,128.8694,-11.44,86,93,7.37,RU,1683325265
41,grytviken,-54.2811,-36.5092,2.46,88,66,5.42,GS,1683325265
42,sandnessjoen,66.0217,12.6316,-0.71,54,98,1.93,NO,1683325265
43,masterton,-40.9597,175.6575,16.6,78,100,1.99,NZ,1683325265
44,port elizabeth,-33.918,25.5701,19.16,95,40,3.09,ZA,1683325266
45,iqaluit,63.7506,-68.5145,1.85,80,75,4.63,CA,1683325266
46,alesund,62.4723,6.1549,8.75,71,0,4.12,NO,1683325266
47,lamu,-2.2717,40.902,27.12,85,3,4.41,KE,1683325269
48,qaqortoq,60.7167,-46.0333,2.43,67,40,0.7,GL,1683325270
49,albany,42.6001,-73.9662,17.47,50,96,1.79,US,1683325270
50,sitka,57.0531,-135.33,9.94,62,20,2.57,US,1683325270
51,kourou,5.1552,-52.6478,27.03,88,87,4.4,GF,1683325270
52,papatowai,-46.5619,169.4708,12.57,77,3,3.5,NZ,1683325271
53,kayangel,8.0823,134.7173,28.06,77,100,4.6,PW,1683325271
54,hermanus,-34.4187,19.2345,15.08,88,0,1.16,ZA,1683325271
55,aleg,17.0481,-13.9209,35.05,12,29,6.85,MR,1683325272
56,isafjordur,66.0755,-23.124,6.07,97,100,1.67,IS,1683325272
57,sur,22.5667,59.5289,27.56,63,33,4.87,OM,1683325272
58,hasaki,35.7333,140.8333,22.38,71,99,13.97,JP,1683325272
59,ribeira grande,38.5167,-28.7,17.65,96,100,4.92,PT,1683325272
60,olonkinbyen,70.9221,-8.7187,0.16,99,100,5.82,SJ,1683325273
61,saudarkrokur,65.7461,-19.6394,8.63,74,100,2.51,IS,1683325273
62,takahashi,34.7833,133.6167,19.54,86,96,1.08,JP,1683325273
63,happy valley-goose bay,53.3168,-60.3315,5.17,56,75,8.23,CA,1683325273
64,okhotsk,59.3833,143.3,1.73,78,63,1.01,RU,1683325274
65,waitangi,-43.9535,-176.5597,16.57,88,100,3.58,NZ,1683325274
66,bredasdorp,-34.5322,20.0403,12.98,86,0,2.02,ZA,1683325274
67,lihue,21.9789,-159.3672,27.58,66,40,8.23,US,1683325274
68,sisimiut,66.9395,-53.6735,0.44,82,100,1.38,GL,1683325274
69,forster,-32.1667,152.5167,12.99,100,0,2.07,AU,1683325275
70,tazovsky,67.4667,78.7,-6.07,95,75,5.41,RU,1683325275
71,chibougamau,49.9168,-74.3659,16.79,31,0,3.09,CA,1683325275
72,renukut,24.2,83.0333,25.97,37,2,1.4,IN,1683325275
73,tannum sands,-23.9504,151.3693,21.94,64,100,2.57,AU,1683325276
74,kimbe,-5.5502,150.1429,26.69,83,97,1.05,PG,1683325276
75,mathba,22.2855,89.9629,26.27,84,2,2.47,BD,1683325276
76,mar del plata,-38.0023,-57.5575,16.72,83,0,2.57,AR,1683325276
77,bikenibeu village,1.3673,173.1241,29.98,74,20,4.63,KI,1683325276
78,acapulco de juarez,16.8634,-99.8901,31.9,66,100,4.63,MX,1683325184
79,bandarbeyla,9.4942,50.8122,28.7,81,42,8.16,SO,1683325277
80,jamestown,42.097,-79.2353,15.29,54,0,4.12,US,1683325028
81,meulaboh,4.1363,96.1285,25.24,88,100,0.94,ID,1683325277
82,naze,28.3667,129.4833,21.51,91,99,6.96,JP,1683325277
83,vorgashor,67.5833,63.95,-7.95,97,98,2.07,RU,1683325278
84,qarauyl,48.9451,79.255,8.44,46,39,2.7,KZ,1683325278
85,steinbach,50.1667,8.5667,15.5,72,20,3.09,DE,1683325278
86,trondheim,63.4305,10.3951,4.05,65,54,0.89,NO,1683325278
87,remire-montjoly,4.9167,-52.2667,27.02,83,88,3.09,GF,1683325279
88,hithadhoo,-0.6,73.0833,28.37,78,100,9.46,MV,1683325279
89,yurty,56.0498,97.6348,6.5,86,100,5.87,RU,1683325279
90,balabac,7.9868,117.0645,25.72,89,100,2.79,PH,1683325279
91,talnakh,69.4865,88.3972,-11.55,95,100,4.58,RU,1683325280
92,itoman,26.1247,127.6694,26.01,89,75,8.75,JP,1683325280
93,susuman,62.7833,148.1667,-3.08,88,89,1.58,RU,1683325280
94,aasiaat,68.7098,-52.8699,-0.88,84,100,1.63,GL,1683325280
95,ilulissat,69.2167,-51.1,-1.99,93,100,1.54,GL,1683325280
96,chatillon-sur-seine,47.8585,4.5738,10.48,93,88,1.83,FR,1683325281
97,flin flon,54.7682,-101.865,15.91,39,75,4.12,CA,1683325281
98,igarka,67.4667,86.5833,-2.03,96,100,4.92,RU,1683325281
99,labrador city,52.9463,-66.9114,14.95,36,20,6.69,CA,1683325121
100,dursunlu,36.1628,36.1597,20.7,54,99,2.39,TR,1683325282
101,kodiak,57.79,-152.4072,5.73,87,100,3.09,US,1683325282
102,kawambwa,-9.7915,29.0791,16.04,79,6,1.37,ZM,1683325282
103,baie-comeau,49.2168,-68.1489,10.82,58,0,3.09,CA,1683325282
104,tralee,52.2704,-9.7026,10.11,93,95,1.98,IE,1683325282
105,yellowknife,62.456,-114.3525,14.2,44,97,5.81,CA,1683325273
106,keflavik,64.0049,-22.5624,7.95,87,100,6.17,IS,1683325283
107,smolensk,55.0,33.0,-1.01,72,3,2.42,RU,1683325283
108,klyuchi,52.2667,79.1667,13.07,32,87,1.74,RU,1683325283
109,qamdo,31.1667,97.2333,-0.78,69,30,2.24,CN,1683325284
110,kirriemuir,56.674,-3.0034,7.91,94,100,1.56,GB,1683325284
111,gouyave,12.1646,-61.7296,27.43,74,6,4.12,GD,1683325284
112,dourbali,11.8091,15.8632,35.15,15,28,3.27,TD,1683325284
113,ushuaia,-54.8,-68.3,8.81,57,75,8.75,AR,1683325081
114,grand rapids,42.9634,-85.6681,23.0,35,75,4.63,US,1683325025
115,utrik,11.2278,169.8474,26.96,77,53,7.51,MH,1683325285
116,chui,-33.6971,-53.4616,18.57,75,100,5.86,UY,1683325056
117,anamur,36.0751,32.8369,18.46,73,0,3.17,TR,1683325225
118,port mathurin,-19.6833,63.4167,26.02,77,8,7.18,MU,1683325285
119,bilibino,68.0546,166.4372,-6.56,86,78,1.51,RU,1683325286
120,kasese,0.1833,30.0833,19.89,83,16,1.48,UG,1683325286
121,ancud,-41.8697,-73.8203,12.22,93,93,1.0,CL,1683325009
122,gadzhiyevo,69.2551,33.3362,-1.67,91,100,3.1,RU,1683325286
123,greenville,35.6127,-77.3663,23.09,42,75,0.0,US,1683325263
124,taoudenni,22.6783,-3.9836,35.85,6,54,3.03,ML,1683325287
125,banda aceh,5.5577,95.3222,26.66,83,100,5.82,ID,1683325287
126,colonia menno,-22.3667,-59.8167,15.94,93,100,4.13,PY,1683325287
127,walvis bay,-22.9575,14.5053,13.94,94,5,2.06,NA,1683325287
128,longyearbyen,78.2186,15.6401,-1.09,69,75,6.17,SJ,1683325288
129,savannah,32.0835,-81.0998,22.19,65,100,2.57,US,1683325288
130,patacamaya,-17.2333,-67.9167,9.01,72,90,4.14,BO,1683325288
131,nanao,37.05,136.9667,23.11,71,100,3.16,JP,1683325288
132,irymple,-34.25,142.1667,10.61,91,57,0.45,AU,1683325289
133,arraial do cabo,-22.9661,-42.0278,23.92,88,0,2.57,BR,1683325289
134,nar'yan-mar,67.6713,53.087,-4.63,96,99,3.13,RU,1683325289
135,whitby,54.4877,-0.615,12.3,86,100,1.34,GB,1683325290
136,wailua homesteads,22.0669,-159.378,27.24,66,40,8.23,US,1683325291
137,yuzhno-kurilsk,44.0306,145.8556,2.99,96,100,3.51,RU,1683325291
138,vila franca do campo,37.7167,-25.4333,17.23,96,72,4.22,PT,1683325292
139,midoun,33.8081,10.9923,18.92,69,1,4.43,TN,1683325292
140,ikovka,55.6089,64.9375,11.22,36,80,3.08,RU,1683325292
141,wichian buri,15.6578,101.106,29.94,63,100,2.82,TH,1683325292
142,nemuro,43.3236,145.575,3.48,95,100,7.78,JP,1683325293
143,kristiansund,63.1115,7.732,4.03,70,100,0.51,NO,1683325293
144,peace river,56.2501,-117.286,27.17,15,100,7.72,CA,1683325240
145,mount gambier,-37.8333,140.7667,7.01,79,71,2.08,AU,1683325293
146,choibalsan,48.0667,114.5,4.49,76,93,6.53,MN,1683325294
147,port lincoln,-34.7333,135.8667,12.53,60,65,6.71,AU,1683325294
148,gebeit,21.0667,36.3167,26.22,12,18,1.73,SD,1683325294
149,margaret river,-33.95,115.0667,11.07,74,68,5.86,AU,1683325145
150,lebu,-37.6167,-73.65,12.59,90,3,6.36,CL,1683325294
151,el alto,-4.2714,-81.2147,26.81,73,22,6.39,PE,1683325295
152,raduzhny,62.0961,77.475,-1.3,97,100,2.4,RU,1683325295
153,nuku'alofa,-21.1333,-175.2,27.19,78,20,7.2,TO,1683325295
154,sinabang,2.4803,96.3801,25.97,85,100,1.23,ID,1683325295
155,uturoa,-16.7333,-151.4333,28.05,77,100,9.41,PF,1683325296
156,harar,9.3094,42.1258,16.28,87,90,0.71,ET,1683325296
157,pariyapuram,10.9561,76.1916,26.16,84,99,0.43,IN,1683325296
158,kill devil hills,36.0307,-75.676,19.0,68,40,3.6,US,1683325296
159,ust-nera,64.5667,143.2,-0.69,90,93,4.02,RU,1683325297
160,santa lucia di piave,45.8511,12.2869,18.11,65,98,1.19,IT,1683325297
161,tulun,54.5611,100.5792,5.19,52,100,2.28,RU,1683325297
162,andkhoy,36.9529,65.1238,14.39,57,94,3.48,AF,1683325297
163,vadso,70.0744,29.7487,1.49,86,0,6.17,NO,1683325298
164,afaahiti,-17.75,-149.2833,28.93,82,100,9.33,PF,1683325298
165,flying fish cove,-10.4217,105.6791,25.82,94,75,2.06,CX,1683325298
166,whitehorse,60.7161,-135.0538,7.43,32,100,1.03,CA,1683325015
167,praia da vitoria,38.7333,-27.0667,20.14,83,75,3.06,PT,1683325298
168,tsiombe,-25.3,45.4833,20.34,88,48,1.01,MG,1683325299
169,al bawiti,28.3492,28.8659,20.12,39,0,3.08,EG,1683325299
170,villa gesell,-37.2639,-56.973,15.03,75,58,4.5,AR,1683325299
171,namibe,-15.1961,12.1522,22.21,81,54,1.19,AO,1683325299
172,lospalos,-8.5186,127.0025,22.34,92,87,2.87,TL,1683325300
173,rongelap,11.1635,166.8941,27.27,78,9,7.41,MH,1683325300
174,kuta,-8.7233,115.1723,26.97,88,40,4.12,ID,1683325300
175,san antonio,29.4241,-98.4936,36.15,50,20,6.17,US,1683325222
176,atafu village,-8.5421,-172.5159,28.96,75,84,5.83,TK,1683325300
177,guane,22.2025,-84.0875,30.21,57,94,0.92,CU,1683325301
178,port augusta,-32.5,137.7667,12.15,78,71,3.45,AU,1683325301
179,anna regina,7.2644,-58.5077,26.28,78,77,4.01,GY,1683325301
180,san antonio de pale,-1.4014,5.6325,27.76,79,34,5.14,GQ,1683325301
181,brooks,50.5834,-111.8851,23.99,24,2,7.2,CA,1683325302
182,zayed city,24.3768,54.589,27.22,71,0,2.06,AE,1683325302
183,konosha,60.9736,40.257,-1.35,82,100,3.44,RU,1683325302
184,anadyr,64.75,177.4833,-5.72,79,100,1.0,RU,1683325302
185,hohhot,40.8106,111.6522,9.16,71,20,1.0,CN,1683325303
186,kingston,17.997,-76.7936,31.25,73,20,10.8,JM,1683325275
187,la'ie,21.6477,-157.9253,28.98,70,21,9.83,US,1683325303
188,kodinsk,58.6881,99.1844,5.69,98,100,2.2,RU,1683325304
189,nuuk,64.1835,-51.7216,2.34,80,75,4.12,GL,1683325304
190,kudahuvadhoo,2.6708,72.8944,27.6,78,100,8.64,MV,1683325304
191,hobyo,5.3505,48.5268,27.99,83,28,9.97,SO,1683325304
192,petropavlovsk-kamchatsky,53.0452,158.6483,3.33,65,75,6.0,RU,1683325290
193,fort st. john,56.2499,-120.8529,28.94,15,75,9.26,CA,1683325305
194,nyagan,62.1406,65.3936,5.74,74,100,1.69,RU,1683325305
195,aykhal,66.0,111.5,-0.83,98,100,3.98,RU,1683325305
196,hukumati azrah,34.1736,69.6457,9.85,73,100,0.85,AF,1683325305
197,kamaishi,39.2667,141.8833,13.97,92,100,1.62,JP,1683325193
198,monterey,36.2505,-121.2516,15.5,57,93,3.48,US,1683325231
199,sao paulo de olivenca,-3.3783,-68.8725,25.39,95,69,0.38,BR,1683325306
200,floral city,28.75,-82.2968,28.04,49,81,2.89,US,1683325118
201,queenstown,-31.8976,26.8753,10.2,59,1,0.86,ZA,1683325307
202,port saint john's,-31.6229,29.5448,19.55,89,39,3.9,ZA,1683325307
203,west island,-12.1568,96.8225,25.99,89,100,4.63,CC,1683325307
204,tura,25.5198,90.2201,21.86,87,88,1.89,IN,1683325307
205,oranjemund,-28.55,16.4333,12.55,91,75,2.22,NA,1683325307
206,svirsk,53.0858,103.3325,3.35,65,85,1.58,RU,1683325308
207,malango,-2.9627,119.9001,19.7,95,97,0.78,ID,1683325308
208,antsiranana,-12.2787,49.2917,23.98,81,7,3.97,MG,1683325308
209,enewetak,11.3474,162.3373,27.39,79,87,7.54,MH,1683325308
210,nuevitas,21.5453,-77.2644,28.31,69,1,6.21,CU,1683325309
211,hondo,32.45,130.2,19.74,92,100,7.16,JP,1683325309
212,udachny,66.4167,112.4,-0.86,92,100,2.69,RU,1683325309
213,east london,-33.0153,27.9116,19.93,82,34,7.09,ZA,1683325309
214,holualoa,19.6228,-155.9522,26.42,76,75,5.14,US,1683325309
215,yadgir,16.7667,77.1333,25.89,70,93,1.51,IN,1683325310
216,plettenberg bay,-34.0527,23.3716,15.92,78,1,2.72,ZA,1683325310
217,ghat,24.9647,10.1728,25.24,13,30,2.8,LY,1683325310
218,dubbo,-32.25,148.6167,6.07,93,11,3.09,AU,1683325310
219,lashio,22.9333,97.75,20.0,69,29,0.46,MM,1683325311
220,alaghsas,17.0187,8.0168,32.34,10,4,3.95,NE,1683325311
221,ulaangom,49.9811,92.0667,2.85,29,0,1.58,MN,1683325311
222,iskateley,67.6803,53.1512,-4.66,96,99,3.11,RU,1683325311
223,nova sintra,14.8667,-24.7167,21.31,77,4,10.94,CV,1683325312
224,volksrust,-27.3654,29.8818,12.24,62,75,1.74,ZA,1683325312
225,matadi,-5.8167,13.45,23.93,96,97,0.43,CD,1683325312
226,san juan,-31.5375,-68.5364,19.07,33,2,3.75,AR,1683325312
227,ulsteinvik,62.3432,5.8487,8.75,54,99,3.13,NO,1683325313
228,andreyevo,55.9465,41.1505,0.09,77,6,1.73,RU,1683325313
229,ar ruways,24.1103,52.7306,23.72,60,0,5.09,AE,1683325313
230,nagqu,31.5,92.0,-3.5,92,97,0.88,CN,1683325313
231,'alaqahdari dishu,30.4374,63.313,22.42,25,0,6.86,AF,1683325313
232,constantia,44.1833,28.65,10.39,74,37,3.6,RO,1683325202
233,ain sukhna,29.6002,32.3167,21.13,44,0,3.33,EG,1683325314
234,olyokminsk,60.3736,120.4264,3.17,87,100,2.79,RU,1683325314
235,tazacorte,28.629,-17.9293,20.54,87,0,9.26,ES,1683325314
236,nabire,-3.3667,135.4833,25.56,88,100,1.41,ID,1683325314
237,belmonte,-15.8631,-38.8828,24.76,82,2,3.61,BR,1683325315
238,yarmouth,41.7057,-70.2286,12.86,62,0,2.57,US,1683325315
239,abengourou,6.7297,-3.4964,23.45,96,42,1.42,CI,1683325315
240,porto novo,6.4965,2.6036,28.9,79,72,2.2,BJ,1683325315
241,belokurikha,51.9959,84.9896,7.15,69,82,2.56,RU,1683325316
242,saint-leu,-21.15,55.2833,22.48,90,6,0.63,RE,1683325316
243,ruidoso,33.3317,-105.673,22.81,10,0,12.35,US,1683325316
244,mont-dore,-22.2833,166.5833,25.99,99,86,3.03,NC,1683325316
245,nasipit,8.9692,125.2947,24.07,91,95,1.91,PH,1683325317
246,godda,24.8333,87.2167,27.14,38,0,1.92,IN,1683325317
247,tolanaro,-25.0319,46.9987,24.04,83,20,5.14,MG,1683325317
248,al-hamdaniya,36.2715,43.3737,20.49,26,68,1.48,IQ,1683325318
249,dudinka,69.4058,86.1778,-11.32,94,100,3.66,RU,1683325318
250,san angelo,31.4638,-100.437,38.12,18,20,4.92,US,1683325318
251,khilok,51.3674,110.4676,-0.13,69,19,1.53,RU,1683325319
252,opuwo,-18.0607,13.84,19.38,43,10,2.95,NA,1683325319
253,new norfolk,-42.7826,147.0587,6.51,81,11,0.45,AU,1683325319
254,victoria point,-27.5833,153.3,20.66,83,2,2.3,AU,1683325320
255,hawaiian paradise park,19.5933,-154.9731,26.73,71,40,5.14,US,1683325320
256,kargasok,59.0556,80.8572,7.06,89,85,2.58,RU,1683325320
257,qianzhou,28.3167,109.7167,19.16,97,100,4.8,CN,1683325320
258,dalhart,36.0595,-102.5133,30.01,7,0,9.77,US,1683325321
259,san juan de miraflores,-12.1629,-76.9635,24.54,74,98,3.58,PE,1683325321
260,juruti,-2.1522,-56.0922,25.09,90,27,1.58,BR,1683325321
261,hampstead,42.8745,-71.1812,17.82,56,0,2.57,US,1683325321
262,grande-synthe,51.0154,2.2998,13.34,44,0,2.68,FR,1683325321
263,sampang,-7.1872,113.2394,26.47,85,79,2.22,ID,1683325322
264,san andres,12.5847,-81.7006,30.01,70,40,7.2,CO,1683325322
265,quellon,-43.1167,-73.6167,11.14,100,100,0.0,CL,1683325322
266,prainha,-1.8,-53.48,25.31,85,72,1.51,BR,1683325322
267,gisborne,-38.6533,178.0042,17.69,78,98,2.62,NZ,1683325323
268,black point,-34.6187,137.8972,12.96,60,78,6.9,AU,1683325323
269,barra dos coqueiros,-10.9089,-37.0386,26.01,83,100,4.63,BR,1683325323
270,kojetin,49.3518,17.3021,15.21,76,97,1.14,CZ,1683325323
271,lobujya,27.95,86.8167,-10.9,68,0,1.74,NP,1683325324
272,kirensk,57.7853,108.1119,3.86,88,100,5.54,RU,1683325324
273,page,36.9147,-111.4558,19.71,20,75,7.15,US,1683325324
274,hirara,24.8,125.2833,26.15,94,75,4.63,JP,1683325325
275,hadibu,12.65,54.0333,28.75,79,81,3.27,YE,1683325325
276,daru,-9.0763,143.2092,26.45,91,100,5.93,PG,1683325325
277,katabu,-4.9333,122.5167,23.83,94,99,0.8,ID,1683325325
278,haiku-pauwela,20.9219,-156.3051,28.01,56,40,10.8,US,1683325326
279,corner brook,48.9667,-57.9484,10.09,81,60,1.54,CA,1683325326
280,buka,40.8108,69.1986,14.89,35,100,4.21,UZ,1683325326
281,vernal,40.4555,-109.5287,17.03,20,75,5.14,US,1683325314
282,saipan,15.1355,145.701,28.39,100,20,7.2,MP,1683325214
283,belyy yar,53.6039,91.3903,7.94,49,40,1.0,RU,1683325327
284,hamilton,39.1834,-84.5333,24.13,36,0,4.12,US,1683325327
285,harlingen,26.1906,-97.6961,32.05,78,0,5.66,US,1683325212
286,letlhakeng,-24.0944,25.0298,21.65,37,61,1.89,BW,1683325327
287,arteche,12.2645,125.4048,25.84,85,69,1.11,PH,1683325328
288,malanje,-9.5402,16.341,18.23,89,77,1.61,AO,1683325328
289,albertina,-22.2008,-46.6158,17.84,85,17,1.64,BR,1683325328
290,acajutla,13.5928,-89.8275,31.2,60,100,2.59,SV,1683325328
291,codrington,-38.2667,141.9667,9.47,72,94,4.66,AU,1683325329
292,rafaela,-31.2503,-61.4867,15.56,73,100,1.79,AR,1683325329
293,kuopio,62.8924,27.677,-0.03,77,0,3.09,FI,1683325329
294,bamboo flat,11.7,92.7167,28.25,76,87,1.82,IN,1683325329
295,colac,-38.3333,143.5833,7.69,85,95,1.5,AU,1683325330
296,howard springs,-12.497,131.047,26.04,96,93,1.92,AU,1683325330
297,north bend,43.4065,-124.2243,15.13,84,100,5.14,US,1683325330
298,sao felix do xingu,-6.6447,-51.995,22.97,98,92,1.01,BR,1683325330
299,essaouira,31.5125,-9.77,18.72,83,100,3.09,MA,1683325331
300,korla,41.7597,86.1469,4.16,87,100,2.48,CN,1683325331
301,yorosso,12.3536,-4.7761,32.53,29,62,0.21,ML,1683325331
302,dolores,-36.3132,-57.6792,13.59,92,59,3.3,AR,1683325227
303,norilsk,69.3535,88.2027,-11.43,95,100,3.6,RU,1683325331
304,bryne,58.7354,5.6477,9.41,40,0,3.6,NO,1683325332
305,georgetown,5.4112,100.3354,26.96,93,40,0.0,MY,1683325286
306,egilsstadir,65.2653,-14.3948,5.95,70,0,6.17,IS,1683325332
307,yorkton,51.2167,-102.4677,16.91,34,75,10.29,CA,1683325332
308,yangshuo,24.7808,110.4897,24.07,96,14,1.65,CN,1683325333
309,polyarnyy,69.1989,33.4478,-1.24,90,100,2.71,RU,1683325333
310,sao joao da barra,-21.6403,-41.0511,23.05,84,29,3.91,BR,1683325333
311,kropyvnytskyi,48.5132,32.2597,9.74,86,88,3.92,UA,1683325333
312,songyuan,45.1171,124.8568,10.39,33,0,2.43,CN,1683325334
313,lagoa vermelha,-28.2086,-51.5258,18.22,97,100,0.79,BR,1683325334
314,traverse city,44.7631,-85.6206,17.22,72,100,0.0,US,1683325045
315,isetskoye,56.4858,65.3226,11.62,41,78,3.55,RU,1683325334
316,strezhevoy,60.7333,77.5889,1.94,94,100,1.38,RU,1683325334
317,severo-yeniseyskiy,60.3725,93.0408,2.9,98,100,3.45,RU,1683325335
318,ardakan,32.31,54.0175,18.02,16,0,0.89,IR,1683325335
319,muroto-misakicho,33.2833,134.15,19.8,85,97,5.51,JP,1683325335
320,kerikeri,-35.2268,173.9474,18.05,93,100,3.98,NZ,1683325138
321,alice springs,-23.7,133.8833,10.75,66,99,3.46,AU,1683325208
322,kavaratti,10.5669,72.642,28.35,71,94,3.23,IN,1683325336
323,siwa oasis,29.2041,25.5195,21.33,45,41,6.39,EG,1683325336
324,kaiapoi,-43.3783,172.6401,19.15,57,100,3.6,NZ,1683325336
325,asuncion nochixtlan,17.4667,-97.2333,27.26,21,92,2.94,MX,1683325337
326,tahoua,14.8888,5.2692,32.81,22,29,0.84,NE,1683325337
327,hermoso campo,-27.6082,-61.3444,17.84,98,100,3.02,AR,1683325337
328,jalai nur,49.45,117.7,8.45,26,100,1.1,CN,1683325337
329,prince rupert,54.3161,-130.3201,8.05,93,100,3.6,CA,1683325338
330,"laikit, laikit ii (dimembe)",1.4792,124.9735,22.47,94,20,0.51,ID,1683325338
331,latakia,35.5148,35.7768,20.1,85,98,4.1,SY,1683325338
332,howrah,22.5892,88.3103,29.0,74,40,2.06,IN,1683325338
333,nova olimpia,-14.7972,-57.2881,24.38,73,0,1.05,BR,1683325339
334,thunder bay,48.4001,-89.3168,9.99,71,75,5.66,CA,1683325085
335,ola,59.5833,151.2833,-0.01,81,98,0.99,RU,1683325339
336,port douglas,-16.4833,145.4667,24.32,74,10,3.59,AU,1683325339
337,bomdila,27.25,92.4,8.74,91,32,1.61,IN,1683325339
338,sarmiento,-45.5882,-69.07,15.41,55,88,4.92,AR,1683325340
339,chulakkurgan,43.765,69.1814,8.75,31,70,3.51,KZ,1683325340
340,kruisfontein,-34.0033,24.7314,13.36,88,1,2.1,ZA,1683325340
341,carbonear,47.7332,-53.2148,3.97,72,41,10.11,CA,1683325340
342,vila velha,-20.3297,-40.2925,25.53,86,20,1.03,BR,1683325341
343,axim,4.8699,-2.2405,27.64,80,2,3.2,GH,1683325341
344,la ronge,55.1001,-105.2842,16.14,27,20,6.69,CA,1683325341
345,usogorsk,63.4106,48.6872,0.34,80,89,3.99,RU,1683325341
346,mount pearl,47.5166,-52.7813,3.25,89,75,7.2,CA,1683325342
347,nhamunda,-2.1861,-56.7131,24.81,93,47,1.11,BR,1683325342
348,suntar,62.1444,117.6319,2.43,99,100,4.3,RU,1683325342
349,turtas,58.9417,69.1325,11.7,87,98,2.2,RU,1683325343
350,smyrna,33.884,-84.5144,16.72,83,100,3.09,US,1683325343
351,fuerte olimpo,-21.0415,-57.8738,27.39,63,100,1.37,PY,1683325343
352,leticia,-4.2153,-69.9406,26.03,94,75,2.57,CO,1683325343
353,nueve de julio,-35.4444,-60.8831,18.31,49,99,0.89,AR,1683325344
354,vernon,50.2581,-119.2691,19.31,75,95,2.24,CA,1683325344
355,margate,51.3813,1.3862,12.15,84,2,1.34,GB,1683325158
356,mpumalanga,-26.0,30.0,10.44,56,42,0.83,ZA,1683325344
357,chernomorskoye,45.5039,32.6997,13.21,76,90,2.32,UA,1683325345
358,naifaru,5.4444,73.3657,28.65,75,99,7.98,MV,1683325345
359,ojinaga,29.5667,-104.4167,35.32,15,0,4.63,MX,1683325345
360,coquimbo,-29.9533,-71.3436,15.23,80,92,2.65,CL,1683325346
361,dunedin,-45.8742,170.5036,17.26,99,1,4.02,NZ,1683325346
362,singaraja,-8.112,115.0882,26.67,85,35,1.22,ID,1683325347
363,akureyri,65.6835,-18.0878,7.96,81,0,0.0,IS,1683325347
364,laguna,38.421,-121.4238,19.41,48,75,4.12,US,1683325347
365,motegi,36.5167,140.1833,20.48,60,99,2.95,JP,1683325348
366,palmer,42.1584,-72.3287,16.75,46,40,4.12,US,1683325348
367,nsanje,-16.92,35.262,17.56,82,0,0.29,MW,1683325348
368,palikir - national government center,6.9248,158.1611,29.41,79,100,4.12,FM,1683325348
369,soma,39.1855,27.6094,12.01,94,100,4.98,TR,1683325349
370,urucara,-2.5364,-57.76,24.61,97,38,0.94,BR,1683325349
371,ilebo,-4.3167,20.5833,21.26,97,100,0.66,CD,1683325349
372,carrizo springs,28.5219,-99.8606,39.34,27,0,0.6,US,1683325349
373,bilmak,47.3624,36.6511,12.14,62,19,3.24,UA,1683325350
374,lakheri,25.6667,76.1667,29.17,31,5,1.27,IN,1683325350
375,atlantic city,39.3643,-74.4229,13.88,80,100,2.06,US,1683325134
376,chipata,-13.6333,32.65,13.99,63,0,1.97,ZM,1683325351
377,tondon,10.3667,-13.35,24.55,90,100,0.52,GN,1683325351
378,diekirch,49.8678,6.1558,12.78,73,93,1.57,LU,1683325351
379,orichi,58.4036,49.0572,5.73,95,100,2.21,RU,1683325351
380,ilgaz,40.9251,33.6259,12.4,77,85,2.24,TR,1683325352
381,ormara,25.2088,64.6357,27.02,76,0,6.24,PK,1683325352
382,kili,5.6439,169.1211,27.91,81,68,5.4,MH,1683325352
383,nizhniy odes,63.6445,54.856,0.55,99,100,2.59,RU,1683325352
384,port said,31.2565,32.2841,19.45,78,0,8.56,EG,1683325352
385,sabang,5.8933,95.3214,28.39,77,99,8.91,ID,1683325353
386,slobodskoy,58.7322,50.1772,6.87,93,100,3.14,RU,1683325353
387,puttur,12.7667,75.2167,27.06,85,100,0.68,IN,1683325353
388,krasnogorskiy,54.6025,61.231,11.08,35,78,3.15,RU,1683325353
389,dingli,35.8614,14.3822,17.12,88,0,2.57,MT,1683325354
390,dongcun,36.7767,121.1597,13.64,61,64,5.68,CN,1683325354
391,kilinochchi,9.3961,80.3982,24.49,87,100,1.62,LK,1683325354
392,tabou,4.423,-7.3528,27.24,82,31,4.56,CI,1683325354
393,ploudalmezeau,48.5333,-4.65,13.49,94,100,5.14,FR,1683325354
394,luderitz,-26.6481,15.1594,13.8,79,51,4.31,NA,1683325355
395,aur,8.1499,171.1687,27.36,82,27,7.93,MH,1683325355
396,buckeye,33.3703,-112.5838,28.99,19,0,3.09,US,1683325280
397,dzhangala,49.2167,50.3333,13.66,62,72,0.26,KZ,1683325355
398,illizi,26.4833,8.4667,25.89,13,65,3.74,DZ,1683325356
399,labuan,5.2767,115.2417,27.2,83,20,1.03,MY,1683325356
400,ruwandiz,36.6163,44.5311,15.55,40,31,1.41,IQ,1683325356
401,kisangani,0.5167,25.2,23.33,87,33,0.44,CD,1683325356
402,cova figueira,14.8905,-24.2934,22.03,70,5,8.77,CV,1683325357
403,papao,-17.75,-149.55,29.82,80,100,10.02,PF,1683325357
404,tordesillas,41.5103,-5.0082,14.43,59,15,1.11,ES,1683325357
405,liwale,-9.7667,37.9333,21.08,78,92,0.73,TZ,1683325357
406,mount isa,-20.7333,139.5,18.87,34,68,4.12,AU,1683325357
407,midvagur,62.0511,-7.1939,7.46,93,100,8.75,FO,1683325358
408,ndago,-4.6,34.35,18.27,78,83,2.96,TZ,1683325358
409,orange walk,17.8333,-88.8333,34.06,35,9,4.62,BZ,1683325358
410,north battleford,52.7834,-108.2847,18.56,29,0,11.32,CA,1683325358
411,bowen,-20.0167,148.2333,22.74,72,22,4.88,AU,1683325359
412,conway,35.0887,-92.4421,22.89,47,100,3.09,US,1683325131
413,aleksandrov gay,50.147,48.5704,14.58,70,36,5.26,RU,1683325359
414,bubaque,11.2833,-15.8333,26.46,87,20,6.65,GW,1683325359
415,kone,-21.0595,164.8658,25.04,80,57,2.91,NC,1683325360
416,lompoc,34.6391,-120.4579,18.08,69,20,3.6,US,1683325360
417,mancio lima,-7.6142,-72.8958,27.04,94,75,0.0,BR,1683325360
418,pierre,44.3683,-100.351,24.51,24,0,4.47,US,1683325360
419,abomsa,9.9833,39.9833,22.52,65,100,1.56,ET,1683325361
420,hinton,53.4001,-117.5857,22.44,33,0,7.84,CA,1683325340
421,siuna,13.7332,-84.7773,35.31,24,32,4.69,NI,1683325361
422,ringkobing,56.0901,8.244,5.57,63,94,11.37,DK,1683325361
423,kalmunai,7.4167,81.8167,25.41,79,100,2.92,LK,1683325361
424,khandyga,62.6667,135.6,1.04,90,71,3.08,RU,1683325362
425,tongchuanshi,35.0806,109.0897,13.55,91,100,1.65,CN,1683325362
426,nyurba,63.2842,118.3319,1.59,99,100,4.05,RU,1683325362
427,shingu,33.7333,135.9833,19.96,79,60,3.41,JP,1683325363
428,kiruna,67.8557,20.2251,-3.49,80,79,1.03,SE,1683325363
429,manismata,-2.4667,111.0333,23.86,99,100,1.19,ID,1683325363
430,tozkhurmato,34.8905,44.6299,22.79,21,7,3.57,IQ,1683325363
431,tanout,14.9709,8.8879,31.54,9,2,5.44,NE,1683325363
432,port alfred,-33.5906,26.891,17.88,92,2,6.89,ZA,1683325364
433,waddan,29.1614,16.139,19.2,45,56,3.4,LY,1683325364
434,amsterdam,52.374,4.8897,13.27,90,20,2.57,NL,1683325326
435,prado,-17.3411,-39.2208,23.8,83,29,3.21,BR,1683325365
436,vilyuchinsk,52.9306,158.4028,4.15,91,100,2.08,RU,1683325365
437,bodaybo,57.8506,114.1933,3.48,79,100,3.09,RU,1683325365
438,kencong,-8.2833,113.3667,24.3,94,100,1.08,ID,1683325365
439,port shepstone,-30.7414,30.455,20.24,86,79,3.27,ZA,1683325365
440,turpan,42.9333,89.1667,13.49,17,93,0.99,CN,1683325366
441,lively,46.4334,-81.1498,14.51,65,94,2.01,CA,1683325366
442,fort mcmurray,56.7268,-111.381,25.73,23,0,8.23,CA,1683325366
443,lhasa,29.65,91.1,6.54,61,19,2.57,CN,1683325366
444,pyay,18.8167,95.2167,27.38,67,39,1.97,MM,1683325367
445,visakhapatnam,17.69,83.2093,28.07,73,99,2.13,IN,1683325367
446,fale old settlement,-9.3852,-171.2468,28.97,76,94,6.03,TK,1683325367
447,uthal,25.8072,66.6219,26.92,71,24,3.62,PK,1683325367
448,geraldton,-28.7667,114.6,19.23,72,100,10.8,AU,1683325368
449,nogliki,51.8333,143.1667,-0.63,78,8,3.05,RU,1683325368
450,dryden,49.7833,-92.7503,14.16,47,100,5.14,CA,1683325368
451,westport,41.1415,-73.3579,15.97,65,100,2.06,US,1683325348
452,ed damer,17.5928,33.9592,31.65,6,35,5.04,SD,1683325370
453,ibia,-19.4783,-46.5389,24.7,80,4,2.46,BR,1683325370
454,karumbakkam,12.6992,80.0933,27.09,88,100,5.21,IN,1683325370
455,yerofey pavlovich,53.9667,121.9667,3.52,61,82,0.96,RU,1683325370
456,armidale,-30.5167,151.65,9.03,63,0,1.51,AU,1683325371
457,mayya,61.7333,130.2811,1.62,98,100,2.06,RU,1683325371
458,zhigalovo,54.8097,105.1578,1.47,75,99,1.91,RU,1683325371
459,murzuq,25.9155,13.9184,22.51,20,68,4.44,LY,1683325371
460,chonchi,-42.6128,-73.8092,12.84,96,94,0.85,CL,1683325372
461,christchurch,-43.5333,172.6333,19.07,61,100,3.6,NZ,1683325234
462,mugia,43.1041,-9.2179,16.76,95,100,8.41,ES,1683325372
463,celestun,20.8667,-90.4,29.81,66,42,7.39,MX,1683325372
464,garissa,-0.4536,39.6401,25.55,78,72,6.3,KE,1683325372
465,jinchang,38.4953,102.1739,9.6,63,10,0.8,CN,1683325373
466,carnarvon,-24.8667,113.6333,22.99,59,80,6.76,AU,1683325373
467,dolinsk,47.35,142.8,3.09,68,23,1.25,RU,1683325373
468,sauri,11.7266,6.7837,28.99,40,100,3.75,NG,1683325373
469,barra de santo antonio,-9.4047,-35.5072,26.6,84,1,3.77,BR,1683325374
470,grojec,51.8625,20.8676,9.64,83,96,4.1,PL,1683325374
471,argostolion,38.1811,20.489,15.76,85,9,2.38,GR,1683325374
472,morehead city,34.7229,-76.726,21.12,63,20,3.09,US,1683325374
473,nova vicosa,-17.8919,-39.3719,24.24,81,38,4.06,BR,1683325375
474,ghadamis,30.1337,9.5007,25.21,21,71,3.98,LY,1683325375
475,hammerfest,70.6634,23.6821,2.25,93,75,6.69,NO,1683325375
476,maceio,-9.6658,-35.7353,26.69,83,40,2.57,BR,1683325375
477,meadow lake,34.8014,-106.5436,26.08,8,0,10.91,US,1683325375
478,sabinas,27.85,-101.1167,39.13,10,17,2.9,MX,1683325376
479,san patricio,28.017,-97.5169,30.97,65,68,6.99,US,1683325376
480,rio grande,-32.035,-52.0986,20.06,95,100,10.57,BR,1683325376
481,marco island,25.9363,-81.7157,32.25,53,48,0.45,US,1683325377
482,tofol,5.3248,163.0078,29.88,70,75,6.69,FM,1683325377
483,chifeng,42.2683,118.9636,7.65,43,100,1.28,CN,1683325377
484,revda,56.801,59.9303,9.83,49,100,2.78,RU,1683325377
485,la mira,18.035,-102.3266,31.41,54,100,4.87,MX,1683325378
486,tenno,39.9,139.9667,14.56,97,100,8.52,JP,1683325378
487,rabo de peixe,37.8,-25.5833,16.73,94,75,8.23,PT,1683325378
488,zahedan,29.4963,60.8629,16.95,42,0,4.12,IR,1683325378
489,yarrawonga,-36.0167,146.0,9.7,80,100,2.66,AU,1683325379
490,harper,4.375,-7.7169,27.25,81,58,4.35,LR,1683325156
491,altay,47.8667,88.1167,2.78,50,96,2.84,CN,1683325379
492,pisco,-13.7,-76.2167,22.03,73,0,7.2,PE,1683325379
493,waat,51.1454,6.4958,13.21,91,100,2.08,DE,1683325379
494,punta del este,-34.9667,-54.95,19.37,81,100,8.05,UY,1683325380
495,manavalakurichi,8.1333,77.3,26.97,79,100,3.91,IN,1683325380
496,boa esperanca,-21.09,-45.5658,19.52,73,10,0.78,BR,1683325114
497,la sarre,48.8002,-79.1996,13.37,53,100,1.63,CA,1683325380
498,kidal,18.4411,1.4078,34.25,10,2,3.84,ML,1683325381
499,tres palos,18.1833,-101.6167,33.7,35,100,3.57,MX,1683325381
500,maryborough,-25.5333,152.7,18.84,70,0,1.85,AU,1683325381
501,waingapu,-9.6567,120.2641,23.72,84,75,3.24,ID,1683325381
502,nanfeng,23.7434,111.7959,23.57,97,46,1.32,CN,1683325382
503,fish town,5.1964,-7.8756,23.67,96,100,1.92,LR,1683325382
504,anamosa,42.1083,-91.2852,19.69,64,100,5.69,US,1683325382
505,suva,-18.1416,178.4415,27.71,83,75,2.06,FJ,1683325383
506,alofi,-19.0595,-169.9187,24.94,83,100,5.14,NU,1683325383
507,manokwari,-0.8667,134.0833,25.22,90,100,1.38,ID,1683325383
508,santa ana de yacuma,-13.75,-65.4333,25.97,83,75,2.06,BO,1683325384
509,busko-zdroj,50.4708,20.7188,10.61,88,58,4.54,PL,1683325384
510,lunavada,23.1333,73.6167,28.65,48,14,3.33,IN,1683325384
511,belozersk,60.0326,37.7957,-0.6,85,99,4.69,RU,1683325385
512,san carlos de bariloche,-41.1456,-71.3082,11.86,71,0,0.51,AR,1683325225
513,kendari,-3.945,122.4989,23.72,93,100,1.41,ID,1683325385
514,toliara,-23.35,43.6667,20.89,84,31,2.15,MG,1683325386
515,vokhtoga,58.8147,41.0461,-1.58,81,42,2.14,RU,1683325386
516,saint-pierre,-21.3393,55.4781,22.82,78,3,2.57,RE,1683325105
517,yauya,-8.9833,-77.3,16.05,48,91,2.24,PE,1683325386
518,kzyltu,53.6364,72.3414,12.75,27,19,2.96,KZ,1683325387
519,fisterra,42.9049,-9.2629,16.68,95,100,8.68,ES,1683325387
520,seminole,28.7086,-81.2081,27.15,60,0,6.17,US,1683325388
521,panama city beach,30.1766,-85.8055,24.5,70,100,3.13,US,1683325388
522,gannan,47.9147,123.5031,9.78,29,17,3.34,CN,1683325389
523,amqui,48.4638,-67.4313,11.61,61,98,2.88,CA,1683325389
524,along,28.1667,94.7667,17.05,97,84,0.74,IN,1683325389
525,tateyama,34.9833,139.8667,19.94,76,100,13.26,JP,1683325390
526,morant bay,17.8815,-76.4093,32.06,71,3,5.56,JM,1683325390
527,port blair,11.6667,92.75,28.23,76,89,1.83,IN,1683325390
528,kyabe,9.4515,18.9449,31.04,29,27,0.85,TD,1683325391
529,pangody,65.85,74.4859,-2.97,87,13,5.28,RU,1683325392
530,mae ramat,16.984,98.5166,26.18,83,100,0.37,TH,1683325392
531,arawa,-6.2132,155.5367,28.36,76,96,1.18,PG,1683325393
532,berdigestyakh,62.0989,126.6992,0.77,100,100,2.78,RU,1683325393
533,buenos aires,-34.6132,-58.3772,19.44,90,100,6.17,AR,1683325132
534,cidreira,-30.1811,-50.2056,20.32,97,100,3.41,BR,1683325394
535,teluk nibung,3.001,99.8164,25.25,93,100,2.12,ID,1683325395
536,kitimat,54.0524,-128.6534,11.21,25,100,2.49,CA,1683325395
537,pana,39.3889,-89.0801,23.82,62,93,4.92,US,1683325395
538,maridi,4.9158,29.4742,21.91,71,12,1.54,SS,1683325396
539,pindi gheb,33.2402,72.2661,23.85,57,100,2.96,PK,1683325396
540,iguape,-24.7081,-47.5553,23.1,89,81,3.47,BR,1683325397
541,gazojak,41.1875,61.4036,13.52,55,100,2.06,TM,1683325397
542,rumonge,-3.9736,29.4386,21.33,88,10,1.74,BI,1683325397
543,zhmerynka,49.037,28.112,7.61,72,31,2.87,UA,1683325399
544,ulverstone,-41.15,146.1667,5.12,74,69,4.08,AU,1683325393
545,al ghayzah,16.2079,52.176,29.78,45,40,2.4,YE,1683325400
546,pir jo goth,27.591,68.6179,27.0,47,70,3.69,PK,1683325421
547,hirekerur,14.4667,75.3833,22.99,77,100,3.52,IN,1683325421
548,grajau,-5.8194,-46.1386,23.9,94,90,1.06,BR,1683325422
549,homer,59.6425,-151.5483,8.36,54,100,4.12,US,1683325422
550,cantaura,9.3057,-64.3584,31.67,36,91,4.44,VE,1683325422
551,edmundston,47.3737,-68.3251,17.13,26,0,6.69,CA,1683325382
552,el burgo de osma,41.5862,-3.0652,12.76,52,56,0.81,ES,1683325422
553,jincheng,35.5022,112.8328,13.25,83,100,1.54,CN,1683325423
554,simiti,7.9579,-73.9436,33.56,61,97,0.23,CO,1683325423
555,sandpoint,48.2766,-116.5533,13.73,95,75,2.06,US,1683325423
556,keelung,25.1283,121.7419,26.08,88,97,1.67,TW,1683325423
557,sooke,48.3746,-123.7276,11.4,93,100,5.66,CA,1683325260
558,pyin oo lwin,22.0333,96.4667,21.64,59,9,0.8,MM,1683325424
559,smithers,54.7804,-127.1743,18.37,72,99,1.68,CA,1683324919
560,safaga,26.7292,33.9365,27.03,32,1,3.63,EG,1683325424
561,tuncurry,-32.1667,152.5,12.97,100,0,1.95,AU,1683325425
562,copiapo,-27.3667,-70.3333,12.83,48,46,1.41,CL,1683325168
563,susanville,40.4163,-120.653,12.68,50,40,6.69,US,1683325425
564,sittwe,20.15,92.9,27.37,82,8,3.94,MM,1683325425
565,ampanihy,-24.7,44.75,19.24,76,55,1.39,MG,1683325426
566,tharad,24.3961,71.6267,30.16,49,78,3.26,IN,1683325426
567,keren,15.7778,38.4581,24.68,65,14,2.68,ER,1683325426
568,lorengau,-2.0226,147.2712,27.93,78,100,3.57,PG,1683325426
569,pacific grove,36.6177,-121.9166,17.97,69,40,5.14,US,1683325260
570,levuka,50.1834,-105.4011,19.85,24,40,9.77,CA,1683325427
571,tshikapa,-6.4167,20.8,22.77,87,51,1.07,CD,1683325427
572,vennesla,58.2694,7.9741,7.93,55,100,4.63,NO,1683325427
573,floro,61.5996,5.0328,6.98,53,41,4.12,NO,1683325427
574,alvinopolis,-20.1067,-43.0489,19.49,85,99,0.64,BR,1683325428
575,tadine,-21.55,167.8833,25.89,76,8,5.64,NC,1683325428
576,hailin,44.5833,129.4167,8.62,54,21,1.1,CN,1683325428
577,manosque,43.8288,5.7869,12.2,73,55,1.38,FR,1683325428
578,ukiah,39.1502,-123.2078,14.13,80,100,2.06,US,1683325429
579,isangel,-19.55,169.2667,27.41,70,2,0.77,VU,1683325429
580,yanam,16.7333,82.2167,25.78,84,100,0.6,IN,1683325429
581,rockland,41.1668,-74.0496,16.08,62,83,0.73,US,1683325429
582,aleksandrovsk-sakhalinskiy,50.8975,142.1561,1.54,64,15,2.61,RU,1683325429
583,lerwick,60.1545,-1.1494,8.0,78,100,12.79,GB,1683325430
584,mahibadhoo,3.7833,72.9667,27.95,76,100,8.88,MV,1683325430
585,opole lubelskie,51.1478,21.969,8.66,85,99,4.58,PL,1683325430
